Path1;Path2;Class
C:/Users/Андрей/PycharmProjects/pythonProject8/dataset/bad\0000.txt;dataset/bad/0000;bad
C:/Users/Андрей/PycharmProjects/pythonProject8/dataset/bad\0001.txt;dataset/bad/0001;bad
C:/Users/Андрей/PycharmProjects/pythonProject8/dataset/bad\0002.txt;dataset/bad/0002;bad
C:/Users/Андрей/PycharmProjects/pythonProject8/dataset/bad\0003.txt;dataset/bad/0003;bad
C:/Users/Андрей/PycharmProjects/pythonProject8/dataset/bad\0004.txt;dataset/bad/0004;bad
C:/Users/Андрей/PycharmProjects/pythonProject8/dataset/bad\0005.txt;dataset/bad/0005;bad
C:/Users/Андрей/PycharmProjects/pythonProject8/dataset/bad\0006.txt;dataset/bad/0006;bad
C:/Users/Андрей/PycharmProjects/pythonProject8/dataset/bad\0007.txt;dataset/bad/0007;bad
C:/Users/Андрей/PycharmProjects/pythonProject8/dataset/bad\0008.txt;dataset/bad/0008;bad
C:/Users/Андрей/PycharmProjects/pythonProject8/dataset/bad\0009.txt;dataset/bad/0009;bad
C:/Users/Андрей/PycharmProjects/pythonProject8/dataset/bad\0010.txt;dataset/bad/0010;bad
C:/Users/Андрей/PycharmProjects/pythonProject8/dataset/bad\0011.txt;dataset/bad/0011;bad
C:/Users/Андрей/PycharmProjects/pythonProject8/dataset/bad\0012.txt;dataset/bad/0012;bad
C:/Users/Андрей/PycharmProjects/pythonProject8/dataset/bad\0013.txt;dataset/bad/0013;bad
C:/Users/Андрей/PycharmProjects/pythonProject8/dataset/bad\0014.txt;dataset/bad/0014;bad
C:/Users/Андрей/PycharmProjects/pythonProject8/dataset/bad\0015.txt;dataset/bad/0015;bad
C:/Users/Андрей/PycharmProjects/pythonProject8/dataset/bad\0016.txt;dataset/bad/0016;bad
C:/Users/Андрей/PycharmProjects/pythonProject8/dataset/bad\0017.txt;dataset/bad/0017;bad
C:/Users/Андрей/PycharmProjects/pythonProject8/dataset/bad\0018.txt;dataset/bad/0018;bad
C:/Users/Андрей/PycharmProjects/pythonProject8/dataset/bad\0019.txt;dataset/bad/0019;bad
C:/Users/Андрей/PycharmProjects/pythonProject8/dataset/bad\0020.txt;dataset/bad/0020;bad
C:/Users/Андрей/PycharmProjects/pythonProject8/dataset/bad\0021.txt;dataset/bad/0021;bad
C:/Users/Андрей/PycharmProjects/pythonProject8/dataset/bad\0022.txt;dataset/bad/0022;bad
C:/Users/Андрей/PycharmProjects/pythonProject8/dataset/bad\0023.txt;dataset/bad/0023;bad
C:/Users/Андрей/PycharmProjects/pythonProject8/dataset/bad\0024.txt;dataset/bad/0024;bad
C:/Users/Андрей/PycharmProjects/pythonProject8/dataset/bad\0025.txt;dataset/bad/0025;bad
C:/Users/Андрей/PycharmProjects/pythonProject8/dataset/bad\0026.txt;dataset/bad/0026;bad
C:/Users/Андрей/PycharmProjects/pythonProject8/dataset/bad\0027.txt;dataset/bad/0027;bad
C:/Users/Андрей/PycharmProjects/pythonProject8/dataset/bad\0028.txt;dataset/bad/0028;bad
C:/Users/Андрей/PycharmProjects/pythonProject8/dataset/bad\0029.txt;dataset/bad/0029;bad
C:/Users/Андрей/PycharmProjects/pythonProject8/dataset/bad\0030.txt;dataset/bad/0030;bad
C:/Users/Андрей/PycharmProjects/pythonProject8/dataset/bad\0031.txt;dataset/bad/0031;bad
C:/Users/Андрей/PycharmProjects/pythonProject8/dataset/bad\0032.txt;dataset/bad/0032;bad
C:/Users/Андрей/PycharmProjects/pythonProject8/dataset/bad\0033.txt;dataset/bad/0033;bad
C:/Users/Андрей/PycharmProjects/pythonProject8/dataset/bad\0034.txt;dataset/bad/0034;bad
C:/Users/Андрей/PycharmProjects/pythonProject8/dataset/bad\0035.txt;dataset/bad/0035;bad
C:/Users/Андрей/PycharmProjects/pythonProject8/dataset/bad\0036.txt;dataset/bad/0036;bad
C:/Users/Андрей/PycharmProjects/pythonProject8/dataset/bad\0037.txt;dataset/bad/0037;bad
C:/Users/Андрей/PycharmProjects/pythonProject8/dataset/bad\0038.txt;dataset/bad/0038;bad
C:/Users/Андрей/PycharmProjects/pythonProject8/dataset/bad\0039.txt;dataset/bad/0039;bad
C:/Users/Андрей/PycharmProjects/pythonProject8/dataset/bad\0040.txt;dataset/bad/0040;bad
C:/Users/Андрей/PycharmProjects/pythonProject8/dataset/bad\0041.txt;dataset/bad/0041;bad
C:/Users/Андрей/PycharmProjects/pythonProject8/dataset/bad\0042.txt;dataset/bad/0042;bad
C:/Users/Андрей/PycharmProjects/pythonProject8/dataset/bad\0043.txt;dataset/bad/0043;bad
C:/Users/Андрей/PycharmProjects/pythonProject8/dataset/bad\0044.txt;dataset/bad/0044;bad
C:/Users/Андрей/PycharmProjects/pythonProject8/dataset/bad\0045.txt;dataset/bad/0045;bad
C:/Users/Андрей/PycharmProjects/pythonProject8/dataset/bad\0046.txt;dataset/bad/0046;bad
C:/Users/Андрей/PycharmProjects/pythonProject8/dataset/bad\0047.txt;dataset/bad/0047;bad
C:/Users/Андрей/PycharmProjects/pythonProject8/dataset/bad\0048.txt;dataset/bad/0048;bad
C:/Users/Андрей/PycharmProjects/pythonProject8/dataset/bad\0049.txt;dataset/bad/0049;bad
C:/Users/Андрей/PycharmProjects/pythonProject8/dataset/bad\0050.txt;dataset/bad/0050;bad
C:/Users/Андрей/PycharmProjects/pythonProject8/dataset/bad\0051.txt;dataset/bad/0051;bad
C:/Users/Андрей/PycharmProjects/pythonProject8/dataset/bad\0052.txt;dataset/bad/0052;bad
C:/Users/Андрей/PycharmProjects/pythonProject8/dataset/bad\0053.txt;dataset/bad/0053;bad
C:/Users/Андрей/PycharmProjects/pythonProject8/dataset/bad\0054.txt;dataset/bad/0054;bad
C:/Users/Андрей/PycharmProjects/pythonProject8/dataset/bad\0055.txt;dataset/bad/0055;bad
C:/Users/Андрей/PycharmProjects/pythonProject8/dataset/bad\0056.txt;dataset/bad/0056;bad
C:/Users/Андрей/PycharmProjects/pythonProject8/dataset/bad\0057.txt;dataset/bad/0057;bad
C:/Users/Андрей/PycharmProjects/pythonProject8/dataset/bad\0058.txt;dataset/bad/0058;bad
C:/Users/Андрей/PycharmProjects/pythonProject8/dataset/bad\0059.txt;dataset/bad/0059;bad
C:/Users/Андрей/PycharmProjects/pythonProject8/dataset/bad\0060.txt;dataset/bad/0060;bad
C:/Users/Андрей/PycharmProjects/pythonProject8/dataset/bad\0061.txt;dataset/bad/0061;bad
C:/Users/Андрей/PycharmProjects/pythonProject8/dataset/bad\0062.txt;dataset/bad/0062;bad
C:/Users/Андрей/PycharmProjects/pythonProject8/dataset/bad\0063.txt;dataset/bad/0063;bad
C:/Users/Андрей/PycharmProjects/pythonProject8/dataset/bad\0064.txt;dataset/bad/0064;bad
C:/Users/Андрей/PycharmProjects/pythonProject8/dataset/bad\0065.txt;dataset/bad/0065;bad
C:/Users/Андрей/PycharmProjects/pythonProject8/dataset/bad\0066.txt;dataset/bad/0066;bad
C:/Users/Андрей/PycharmProjects/pythonProject8/dataset/bad\0067.txt;dataset/bad/0067;bad
C:/Users/Андрей/PycharmProjects/pythonProject8/dataset/bad\0068.txt;dataset/bad/0068;bad
C:/Users/Андрей/PycharmProjects/pythonProject8/dataset/bad\0069.txt;dataset/bad/0069;bad
C:/Users/Андрей/PycharmProjects/pythonProject8/dataset/bad\0070.txt;dataset/bad/0070;bad
C:/Users/Андрей/PycharmProjects/pythonProject8/dataset/bad\0071.txt;dataset/bad/0071;bad
C:/Users/Андрей/PycharmProjects/pythonProject8/dataset/bad\0072.txt;dataset/bad/0072;bad
C:/Users/Андрей/PycharmProjects/pythonProject8/dataset/bad\0073.txt;dataset/bad/0073;bad
C:/Users/Андрей/PycharmProjects/pythonProject8/dataset/bad\0074.txt;dataset/bad/0074;bad
C:/Users/Андрей/PycharmProjects/pythonProject8/dataset/bad\0075.txt;dataset/bad/0075;bad
C:/Users/Андрей/PycharmProjects/pythonProject8/dataset/bad\0076.txt;dataset/bad/0076;bad
C:/Users/Андрей/PycharmProjects/pythonProject8/dataset/bad\0077.txt;dataset/bad/0077;bad
C:/Users/Андрей/PycharmProjects/pythonProject8/dataset/bad\0078.txt;dataset/bad/0078;bad
C:/Users/Андрей/PycharmProjects/pythonProject8/dataset/bad\0079.txt;dataset/bad/0079;bad
C:/Users/Андрей/PycharmProjects/pythonProject8/dataset/bad\0080.txt;dataset/bad/0080;bad
C:/Users/Андрей/PycharmProjects/pythonProject8/dataset/bad\0081.txt;dataset/bad/0081;bad
C:/Users/Андрей/PycharmProjects/pythonProject8/dataset/bad\0082.txt;dataset/bad/0082;bad
C:/Users/Андрей/PycharmProjects/pythonProject8/dataset/bad\0083.txt;dataset/bad/0083;bad
C:/Users/Андрей/PycharmProjects/pythonProject8/dataset/bad\0084.txt;dataset/bad/0084;bad
C:/Users/Андрей/PycharmProjects/pythonProject8/dataset/bad\0085.txt;dataset/bad/0085;bad
C:/Users/Андрей/PycharmProjects/pythonProject8/dataset/bad\0086.txt;dataset/bad/0086;bad
C:/Users/Андрей/PycharmProjects/pythonProject8/dataset/bad\0087.txt;dataset/bad/0087;bad
C:/Users/Андрей/PycharmProjects/pythonProject8/dataset/bad\0088.txt;dataset/bad/0088;bad
C:/Users/Андрей/PycharmProjects/pythonProject8/dataset/bad\0089.txt;dataset/bad/0089;bad
C:/Users/Андрей/PycharmProjects/pythonProject8/dataset/bad\0090.txt;dataset/bad/0090;bad
C:/Users/Андрей/PycharmProjects/pythonProject8/dataset/bad\0091.txt;dataset/bad/0091;bad
C:/Users/Андрей/PycharmProjects/pythonProject8/dataset/bad\0092.txt;dataset/bad/0092;bad
C:/Users/Андрей/PycharmProjects/pythonProject8/dataset/bad\0093.txt;dataset/bad/0093;bad
C:/Users/Андрей/PycharmProjects/pythonProject8/dataset/bad\0094.txt;dataset/bad/0094;bad
C:/Users/Андрей/PycharmProjects/pythonProject8/dataset/bad\0095.txt;dataset/bad/0095;bad
C:/Users/Андрей/PycharmProjects/pythonProject8/dataset/bad\0096.txt;dataset/bad/0096;bad
C:/Users/Андрей/PycharmProjects/pythonProject8/dataset/bad\0097.txt;dataset/bad/0097;bad
C:/Users/Андрей/PycharmProjects/pythonProject8/dataset/bad\0098.txt;dataset/bad/0098;bad
C:/Users/Андрей/PycharmProjects/pythonProject8/dataset/bad\0099.txt;dataset/bad/0099;bad
C:/Users/Андрей/PycharmProjects/pythonProject8/dataset/bad\0100.txt;dataset/bad/0100;bad
C:/Users/Андрей/PycharmProjects/pythonProject8/dataset/bad\0101.txt;dataset/bad/0101;bad
C:/Users/Андрей/PycharmProjects/pythonProject8/dataset/bad\0102.txt;dataset/bad/0102;bad
C:/Users/Андрей/PycharmProjects/pythonProject8/dataset/bad\0103.txt;dataset/bad/0103;bad
C:/Users/Андрей/PycharmProjects/pythonProject8/dataset/bad\0104.txt;dataset/bad/0104;bad
C:/Users/Андрей/PycharmProjects/pythonProject8/dataset/bad\0105.txt;dataset/bad/0105;bad
C:/Users/Андрей/PycharmProjects/pythonProject8/dataset/bad\0106.txt;dataset/bad/0106;bad
C:/Users/Андрей/PycharmProjects/pythonProject8/dataset/bad\0107.txt;dataset/bad/0107;bad
C:/Users/Андрей/PycharmProjects/pythonProject8/dataset/bad\0108.txt;dataset/bad/0108;bad
C:/Users/Андрей/PycharmProjects/pythonProject8/dataset/bad\0109.txt;dataset/bad/0109;bad
C:/Users/Андрей/PycharmProjects/pythonProject8/dataset/bad\0110.txt;dataset/bad/0110;bad
C:/Users/Андрей/PycharmProjects/pythonProject8/dataset/bad\0111.txt;dataset/bad/0111;bad
C:/Users/Андрей/PycharmProjects/pythonProject8/dataset/bad\0112.txt;dataset/bad/0112;bad
C:/Users/Андрей/PycharmProjects/pythonProject8/dataset/bad\0113.txt;dataset/bad/0113;bad
C:/Users/Андрей/PycharmProjects/pythonProject8/dataset/bad\0114.txt;dataset/bad/0114;bad
C:/Users/Андрей/PycharmProjects/pythonProject8/dataset/bad\0115.txt;dataset/bad/0115;bad
C:/Users/Андрей/PycharmProjects/pythonProject8/dataset/bad\0116.txt;dataset/bad/0116;bad
C:/Users/Андрей/PycharmProjects/pythonProject8/dataset/bad\0117.txt;dataset/bad/0117;bad
C:/Users/Андрей/PycharmProjects/pythonProject8/dataset/bad\0118.txt;dataset/bad/0118;bad
C:/Users/Андрей/PycharmProjects/pythonProject8/dataset/bad\0119.txt;dataset/bad/0119;bad
C:/Users/Андрей/PycharmProjects/pythonProject8/dataset/bad\0120.txt;dataset/bad/0120;bad
C:/Users/Андрей/PycharmProjects/pythonProject8/dataset/bad\0121.txt;dataset/bad/0121;bad
C:/Users/Андрей/PycharmProjects/pythonProject8/dataset/bad\0122.txt;dataset/bad/0122;bad
C:/Users/Андрей/PycharmProjects/pythonProject8/dataset/bad\0123.txt;dataset/bad/0123;bad
C:/Users/Андрей/PycharmProjects/pythonProject8/dataset/bad\0124.txt;dataset/bad/0124;bad
C:/Users/Андрей/PycharmProjects/pythonProject8/dataset/bad\0125.txt;dataset/bad/0125;bad
C:/Users/Андрей/PycharmProjects/pythonProject8/dataset/bad\0126.txt;dataset/bad/0126;bad
C:/Users/Андрей/PycharmProjects/pythonProject8/dataset/bad\0127.txt;dataset/bad/0127;bad
C:/Users/Андрей/PycharmProjects/pythonProject8/dataset/bad\0128.txt;dataset/bad/0128;bad
C:/Users/Андрей/PycharmProjects/pythonProject8/dataset/bad\0129.txt;dataset/bad/0129;bad
C:/Users/Андрей/PycharmProjects/pythonProject8/dataset/bad\0130.txt;dataset/bad/0130;bad
C:/Users/Андрей/PycharmProjects/pythonProject8/dataset/bad\0131.txt;dataset/bad/0131;bad
C:/Users/Андрей/PycharmProjects/pythonProject8/dataset/bad\0132.txt;dataset/bad/0132;bad
C:/Users/Андрей/PycharmProjects/pythonProject8/dataset/bad\0133.txt;dataset/bad/0133;bad
C:/Users/Андрей/PycharmProjects/pythonProject8/dataset/bad\0134.txt;dataset/bad/0134;bad
C:/Users/Андрей/PycharmProjects/pythonProject8/dataset/bad\0135.txt;dataset/bad/0135;bad
C:/Users/Андрей/PycharmProjects/pythonProject8/dataset/bad\0136.txt;dataset/bad/0136;bad
C:/Users/Андрей/PycharmProjects/pythonProject8/dataset/bad\0137.txt;dataset/bad/0137;bad
C:/Users/Андрей/PycharmProjects/pythonProject8/dataset/bad\0138.txt;dataset/bad/0138;bad
C:/Users/Андрей/PycharmProjects/pythonProject8/dataset/bad\0139.txt;dataset/bad/0139;bad
C:/Users/Андрей/PycharmProjects/pythonProject8/dataset/bad\0140.txt;dataset/bad/0140;bad
C:/Users/Андрей/PycharmProjects/pythonProject8/dataset/bad\0141.txt;dataset/bad/0141;bad
C:/Users/Андрей/PycharmProjects/pythonProject8/dataset/bad\0142.txt;dataset/bad/0142;bad
C:/Users/Андрей/PycharmProjects/pythonProject8/dataset/bad\0143.txt;dataset/bad/0143;bad
C:/Users/Андрей/PycharmProjects/pythonProject8/dataset/bad\0144.txt;dataset/bad/0144;bad
C:/Users/Андрей/PycharmProjects/pythonProject8/dataset/bad\0145.txt;dataset/bad/0145;bad
C:/Users/Андрей/PycharmProjects/pythonProject8/dataset/bad\0146.txt;dataset/bad/0146;bad
C:/Users/Андрей/PycharmProjects/pythonProject8/dataset/bad\0147.txt;dataset/bad/0147;bad
C:/Users/Андрей/PycharmProjects/pythonProject8/dataset/bad\0148.txt;dataset/bad/0148;bad
C:/Users/Андрей/PycharmProjects/pythonProject8/dataset/bad\0149.txt;dataset/bad/0149;bad
C:/Users/Андрей/PycharmProjects/pythonProject8/dataset/bad\0150.txt;dataset/bad/0150;bad
C:/Users/Андрей/PycharmProjects/pythonProject8/dataset/bad\0151.txt;dataset/bad/0151;bad
C:/Users/Андрей/PycharmProjects/pythonProject8/dataset/bad\0152.txt;dataset/bad/0152;bad
C:/Users/Андрей/PycharmProjects/pythonProject8/dataset/bad\0153.txt;dataset/bad/0153;bad
C:/Users/Андрей/PycharmProjects/pythonProject8/dataset/bad\0154.txt;dataset/bad/0154;bad
C:/Users/Андрей/PycharmProjects/pythonProject8/dataset/bad\0155.txt;dataset/bad/0155;bad
C:/Users/Андрей/PycharmProjects/pythonProject8/dataset/bad\0156.txt;dataset/bad/0156;bad
C:/Users/Андрей/PycharmProjects/pythonProject8/dataset/bad\0157.txt;dataset/bad/0157;bad
C:/Users/Андрей/PycharmProjects/pythonProject8/dataset/bad\0158.txt;dataset/bad/0158;bad
C:/Users/Андрей/PycharmProjects/pythonProject8/dataset/bad\0159.txt;dataset/bad/0159;bad
C:/Users/Андрей/PycharmProjects/pythonProject8/dataset/bad\0160.txt;dataset/bad/0160;bad
C:/Users/Андрей/PycharmProjects/pythonProject8/dataset/bad\0161.txt;dataset/bad/0161;bad
C:/Users/Андрей/PycharmProjects/pythonProject8/dataset/bad\0162.txt;dataset/bad/0162;bad
C:/Users/Андрей/PycharmProjects/pythonProject8/dataset/bad\0163.txt;dataset/bad/0163;bad
C:/Users/Андрей/PycharmProjects/pythonProject8/dataset/bad\0164.txt;dataset/bad/0164;bad
C:/Users/Андрей/PycharmProjects/pythonProject8/dataset/bad\0165.txt;dataset/bad/0165;bad
C:/Users/Андрей/PycharmProjects/pythonProject8/dataset/bad\0166.txt;dataset/bad/0166;bad
C:/Users/Андрей/PycharmProjects/pythonProject8/dataset/bad\0167.txt;dataset/bad/0167;bad
C:/Users/Андрей/PycharmProjects/pythonProject8/dataset/bad\0168.txt;dataset/bad/0168;bad
C:/Users/Андрей/PycharmProjects/pythonProject8/dataset/bad\0169.txt;dataset/bad/0169;bad
C:/Users/Андрей/PycharmProjects/pythonProject8/dataset/bad\0170.txt;dataset/bad/0170;bad
C:/Users/Андрей/PycharmProjects/pythonProject8/dataset/bad\0171.txt;dataset/bad/0171;bad
C:/Users/Андрей/PycharmProjects/pythonProject8/dataset/bad\0172.txt;dataset/bad/0172;bad
C:/Users/Андрей/PycharmProjects/pythonProject8/dataset/bad\0173.txt;dataset/bad/0173;bad
C:/Users/Андрей/PycharmProjects/pythonProject8/dataset/bad\0174.txt;dataset/bad/0174;bad
C:/Users/Андрей/PycharmProjects/pythonProject8/dataset/bad\0175.txt;dataset/bad/0175;bad
C:/Users/Андрей/PycharmProjects/pythonProject8/dataset/bad\0176.txt;dataset/bad/0176;bad
C:/Users/Андрей/PycharmProjects/pythonProject8/dataset/bad\0177.txt;dataset/bad/0177;bad
C:/Users/Андрей/PycharmProjects/pythonProject8/dataset/bad\0178.txt;dataset/bad/0178;bad
C:/Users/Андрей/PycharmProjects/pythonProject8/dataset/bad\0179.txt;dataset/bad/0179;bad
C:/Users/Андрей/PycharmProjects/pythonProject8/dataset/bad\0180.txt;dataset/bad/0180;bad
C:/Users/Андрей/PycharmProjects/pythonProject8/dataset/bad\0181.txt;dataset/bad/0181;bad
C:/Users/Андрей/PycharmProjects/pythonProject8/dataset/bad\0182.txt;dataset/bad/0182;bad
C:/Users/Андрей/PycharmProjects/pythonProject8/dataset/bad\0183.txt;dataset/bad/0183;bad
C:/Users/Андрей/PycharmProjects/pythonProject8/dataset/bad\0184.txt;dataset/bad/0184;bad
C:/Users/Андрей/PycharmProjects/pythonProject8/dataset/bad\0185.txt;dataset/bad/0185;bad
C:/Users/Андрей/PycharmProjects/pythonProject8/dataset/bad\0186.txt;dataset/bad/0186;bad
C:/Users/Андрей/PycharmProjects/pythonProject8/dataset/bad\0187.txt;dataset/bad/0187;bad
C:/Users/Андрей/PycharmProjects/pythonProject8/dataset/bad\0188.txt;dataset/bad/0188;bad
C:/Users/Андрей/PycharmProjects/pythonProject8/dataset/bad\0189.txt;dataset/bad/0189;bad
C:/Users/Андрей/PycharmProjects/pythonProject8/dataset/bad\0190.txt;dataset/bad/0190;bad
C:/Users/Андрей/PycharmProjects/pythonProject8/dataset/bad\0191.txt;dataset/bad/0191;bad
C:/Users/Андрей/PycharmProjects/pythonProject8/dataset/bad\0192.txt;dataset/bad/0192;bad
C:/Users/Андрей/PycharmProjects/pythonProject8/dataset/bad\0193.txt;dataset/bad/0193;bad
C:/Users/Андрей/PycharmProjects/pythonProject8/dataset/bad\0194.txt;dataset/bad/0194;bad
C:/Users/Андрей/PycharmProjects/pythonProject8/dataset/bad\0195.txt;dataset/bad/0195;bad
C:/Users/Андрей/PycharmProjects/pythonProject8/dataset/bad\0196.txt;dataset/bad/0196;bad
C:/Users/Андрей/PycharmProjects/pythonProject8/dataset/bad\0197.txt;dataset/bad/0197;bad
C:/Users/Андрей/PycharmProjects/pythonProject8/dataset/bad\0198.txt;dataset/bad/0198;bad
C:/Users/Андрей/PycharmProjects/pythonProject8/dataset/bad\0199.txt;dataset/bad/0199;bad
C:/Users/Андрей/PycharmProjects/pythonProject8/dataset/bad\0200.txt;dataset/bad/0200;bad
C:/Users/Андрей/PycharmProjects/pythonProject8/dataset/bad\0201.txt;dataset/bad/0201;bad
C:/Users/Андрей/PycharmProjects/pythonProject8/dataset/bad\0202.txt;dataset/bad/0202;bad
C:/Users/Андрей/PycharmProjects/pythonProject8/dataset/bad\0203.txt;dataset/bad/0203;bad
C:/Users/Андрей/PycharmProjects/pythonProject8/dataset/bad\0204.txt;dataset/bad/0204;bad
C:/Users/Андрей/PycharmProjects/pythonProject8/dataset/bad\0205.txt;dataset/bad/0205;bad
C:/Users/Андрей/PycharmProjects/pythonProject8/dataset/bad\0206.txt;dataset/bad/0206;bad
C:/Users/Андрей/PycharmProjects/pythonProject8/dataset/bad\0207.txt;dataset/bad/0207;bad
C:/Users/Андрей/PycharmProjects/pythonProject8/dataset/bad\0208.txt;dataset/bad/0208;bad
C:/Users/Андрей/PycharmProjects/pythonProject8/dataset/bad\0209.txt;dataset/bad/0209;bad
C:/Users/Андрей/PycharmProjects/pythonProject8/dataset/bad\0210.txt;dataset/bad/0210;bad
C:/Users/Андрей/PycharmProjects/pythonProject8/dataset/bad\0211.txt;dataset/bad/0211;bad
C:/Users/Андрей/PycharmProjects/pythonProject8/dataset/bad\0212.txt;dataset/bad/0212;bad
C:/Users/Андрей/PycharmProjects/pythonProject8/dataset/bad\0213.txt;dataset/bad/0213;bad
C:/Users/Андрей/PycharmProjects/pythonProject8/dataset/bad\0214.txt;dataset/bad/0214;bad
C:/Users/Андрей/PycharmProjects/pythonProject8/dataset/bad\0215.txt;dataset/bad/0215;bad
C:/Users/Андрей/PycharmProjects/pythonProject8/dataset/bad\0216.txt;dataset/bad/0216;bad
C:/Users/Андрей/PycharmProjects/pythonProject8/dataset/bad\0217.txt;dataset/bad/0217;bad
C:/Users/Андрей/PycharmProjects/pythonProject8/dataset/bad\0218.txt;dataset/bad/0218;bad
C:/Users/Андрей/PycharmProjects/pythonProject8/dataset/bad\0219.txt;dataset/bad/0219;bad
C:/Users/Андрей/PycharmProjects/pythonProject8/dataset/bad\0220.txt;dataset/bad/0220;bad
C:/Users/Андрей/PycharmProjects/pythonProject8/dataset/bad\0221.txt;dataset/bad/0221;bad
C:/Users/Андрей/PycharmProjects/pythonProject8/dataset/bad\0222.txt;dataset/bad/0222;bad
C:/Users/Андрей/PycharmProjects/pythonProject8/dataset/bad\0223.txt;dataset/bad/0223;bad
C:/Users/Андрей/PycharmProjects/pythonProject8/dataset/bad\0224.txt;dataset/bad/0224;bad
C:/Users/Андрей/PycharmProjects/pythonProject8/dataset/bad\0225.txt;dataset/bad/0225;bad
C:/Users/Андрей/PycharmProjects/pythonProject8/dataset/bad\0226.txt;dataset/bad/0226;bad
C:/Users/Андрей/PycharmProjects/pythonProject8/dataset/bad\0227.txt;dataset/bad/0227;bad
C:/Users/Андрей/PycharmProjects/pythonProject8/dataset/bad\0228.txt;dataset/bad/0228;bad
C:/Users/Андрей/PycharmProjects/pythonProject8/dataset/bad\0229.txt;dataset/bad/0229;bad
C:/Users/Андрей/PycharmProjects/pythonProject8/dataset/bad\0230.txt;dataset/bad/0230;bad
C:/Users/Андрей/PycharmProjects/pythonProject8/dataset/bad\0231.txt;dataset/bad/0231;bad
C:/Users/Андрей/PycharmProjects/pythonProject8/dataset/bad\0232.txt;dataset/bad/0232;bad
C:/Users/Андрей/PycharmProjects/pythonProject8/dataset/bad\0233.txt;dataset/bad/0233;bad
C:/Users/Андрей/PycharmProjects/pythonProject8/dataset/bad\0234.txt;dataset/bad/0234;bad
C:/Users/Андрей/PycharmProjects/pythonProject8/dataset/bad\0235.txt;dataset/bad/0235;bad
C:/Users/Андрей/PycharmProjects/pythonProject8/dataset/bad\0236.txt;dataset/bad/0236;bad
C:/Users/Андрей/PycharmProjects/pythonProject8/dataset/bad\0237.txt;dataset/bad/0237;bad
C:/Users/Андрей/PycharmProjects/pythonProject8/dataset/bad\0238.txt;dataset/bad/0238;bad
C:/Users/Андрей/PycharmProjects/pythonProject8/dataset/bad\0239.txt;dataset/bad/0239;bad
C:/Users/Андрей/PycharmProjects/pythonProject8/dataset/bad\0240.txt;dataset/bad/0240;bad
C:/Users/Андрей/PycharmProjects/pythonProject8/dataset/bad\0241.txt;dataset/bad/0241;bad
C:/Users/Андрей/PycharmProjects/pythonProject8/dataset/bad\0242.txt;dataset/bad/0242;bad
C:/Users/Андрей/PycharmProjects/pythonProject8/dataset/bad\0243.txt;dataset/bad/0243;bad
C:/Users/Андрей/PycharmProjects/pythonProject8/dataset/bad\0244.txt;dataset/bad/0244;bad
C:/Users/Андрей/PycharmProjects/pythonProject8/dataset/bad\0245.txt;dataset/bad/0245;bad
C:/Users/Андрей/PycharmProjects/pythonProject8/dataset/bad\0246.txt;dataset/bad/0246;bad
C:/Users/Андрей/PycharmProjects/pythonProject8/dataset/bad\0247.txt;dataset/bad/0247;bad
C:/Users/Андрей/PycharmProjects/pythonProject8/dataset/bad\0248.txt;dataset/bad/0248;bad
C:/Users/Андрей/PycharmProjects/pythonProject8/dataset/bad\0249.txt;dataset/bad/0249;bad
C:/Users/Андрей/PycharmProjects/pythonProject8/dataset/bad\0250.txt;dataset/bad/0250;bad
C:/Users/Андрей/PycharmProjects/pythonProject8/dataset/bad\0251.txt;dataset/bad/0251;bad
C:/Users/Андрей/PycharmProjects/pythonProject8/dataset/bad\0252.txt;dataset/bad/0252;bad
C:/Users/Андрей/PycharmProjects/pythonProject8/dataset/bad\0253.txt;dataset/bad/0253;bad
C:/Users/Андрей/PycharmProjects/pythonProject8/dataset/bad\0254.txt;dataset/bad/0254;bad
C:/Users/Андрей/PycharmProjects/pythonProject8/dataset/bad\0255.txt;dataset/bad/0255;bad
C:/Users/Андрей/PycharmProjects/pythonProject8/dataset/bad\0256.txt;dataset/bad/0256;bad
C:/Users/Андрей/PycharmProjects/pythonProject8/dataset/bad\0257.txt;dataset/bad/0257;bad
C:/Users/Андрей/PycharmProjects/pythonProject8/dataset/bad\0258.txt;dataset/bad/0258;bad
C:/Users/Андрей/PycharmProjects/pythonProject8/dataset/bad\0259.txt;dataset/bad/0259;bad
C:/Users/Андрей/PycharmProjects/pythonProject8/dataset/bad\0260.txt;dataset/bad/0260;bad
C:/Users/Андрей/PycharmProjects/pythonProject8/dataset/bad\0261.txt;dataset/bad/0261;bad
C:/Users/Андрей/PycharmProjects/pythonProject8/dataset/bad\0262.txt;dataset/bad/0262;bad
C:/Users/Андрей/PycharmProjects/pythonProject8/dataset/bad\0263.txt;dataset/bad/0263;bad
C:/Users/Андрей/PycharmProjects/pythonProject8/dataset/bad\0264.txt;dataset/bad/0264;bad
C:/Users/Андрей/PycharmProjects/pythonProject8/dataset/bad\0265.txt;dataset/bad/0265;bad
C:/Users/Андрей/PycharmProjects/pythonProject8/dataset/bad\0266.txt;dataset/bad/0266;bad
C:/Users/Андрей/PycharmProjects/pythonProject8/dataset/bad\0267.txt;dataset/bad/0267;bad
C:/Users/Андрей/PycharmProjects/pythonProject8/dataset/bad\0268.txt;dataset/bad/0268;bad
C:/Users/Андрей/PycharmProjects/pythonProject8/dataset/bad\0269.txt;dataset/bad/0269;bad
C:/Users/Андрей/PycharmProjects/pythonProject8/dataset/bad\0270.txt;dataset/bad/0270;bad
C:/Users/Андрей/PycharmProjects/pythonProject8/dataset/bad\0271.txt;dataset/bad/0271;bad
C:/Users/Андрей/PycharmProjects/pythonProject8/dataset/bad\0272.txt;dataset/bad/0272;bad
C:/Users/Андрей/PycharmProjects/pythonProject8/dataset/bad\0273.txt;dataset/bad/0273;bad
C:/Users/Андрей/PycharmProjects/pythonProject8/dataset/bad\0274.txt;dataset/bad/0274;bad
C:/Users/Андрей/PycharmProjects/pythonProject8/dataset/bad\0275.txt;dataset/bad/0275;bad
C:/Users/Андрей/PycharmProjects/pythonProject8/dataset/bad\0276.txt;dataset/bad/0276;bad
C:/Users/Андрей/PycharmProjects/pythonProject8/dataset/bad\0277.txt;dataset/bad/0277;bad
C:/Users/Андрей/PycharmProjects/pythonProject8/dataset/bad\0278.txt;dataset/bad/0278;bad
C:/Users/Андрей/PycharmProjects/pythonProject8/dataset/bad\0279.txt;dataset/bad/0279;bad
C:/Users/Андрей/PycharmProjects/pythonProject8/dataset/bad\0280.txt;dataset/bad/0280;bad
C:/Users/Андрей/PycharmProjects/pythonProject8/dataset/bad\0281.txt;dataset/bad/0281;bad
C:/Users/Андрей/PycharmProjects/pythonProject8/dataset/bad\0282.txt;dataset/bad/0282;bad
C:/Users/Андрей/PycharmProjects/pythonProject8/dataset/bad\0283.txt;dataset/bad/0283;bad
C:/Users/Андрей/PycharmProjects/pythonProject8/dataset/bad\0284.txt;dataset/bad/0284;bad
C:/Users/Андрей/PycharmProjects/pythonProject8/dataset/bad\0285.txt;dataset/bad/0285;bad
C:/Users/Андрей/PycharmProjects/pythonProject8/dataset/bad\0286.txt;dataset/bad/0286;bad
C:/Users/Андрей/PycharmProjects/pythonProject8/dataset/bad\0287.txt;dataset/bad/0287;bad
C:/Users/Андрей/PycharmProjects/pythonProject8/dataset/bad\0288.txt;dataset/bad/0288;bad
C:/Users/Андрей/PycharmProjects/pythonProject8/dataset/bad\0289.txt;dataset/bad/0289;bad
C:/Users/Андрей/PycharmProjects/pythonProject8/dataset/bad\0290.txt;dataset/bad/0290;bad
C:/Users/Андрей/PycharmProjects/pythonProject8/dataset/bad\0291.txt;dataset/bad/0291;bad
C:/Users/Андрей/PycharmProjects/pythonProject8/dataset/bad\0292.txt;dataset/bad/0292;bad
C:/Users/Андрей/PycharmProjects/pythonProject8/dataset/bad\0293.txt;dataset/bad/0293;bad
C:/Users/Андрей/PycharmProjects/pythonProject8/dataset/bad\0294.txt;dataset/bad/0294;bad
C:/Users/Андрей/PycharmProjects/pythonProject8/dataset/bad\0295.txt;dataset/bad/0295;bad
C:/Users/Андрей/PycharmProjects/pythonProject8/dataset/bad\0296.txt;dataset/bad/0296;bad
C:/Users/Андрей/PycharmProjects/pythonProject8/dataset/bad\0297.txt;dataset/bad/0297;bad
C:/Users/Андрей/PycharmProjects/pythonProject8/dataset/bad\0298.txt;dataset/bad/0298;bad
C:/Users/Андрей/PycharmProjects/pythonProject8/dataset/bad\0299.txt;dataset/bad/0299;bad
C:/Users/Андрей/PycharmProjects/pythonProject8/dataset/bad\0300.txt;dataset/bad/0300;bad
C:/Users/Андрей/PycharmProjects/pythonProject8/dataset/bad\0301.txt;dataset/bad/0301;bad
C:/Users/Андрей/PycharmProjects/pythonProject8/dataset/bad\0302.txt;dataset/bad/0302;bad
C:/Users/Андрей/PycharmProjects/pythonProject8/dataset/bad\0303.txt;dataset/bad/0303;bad
C:/Users/Андрей/PycharmProjects/pythonProject8/dataset/bad\0304.txt;dataset/bad/0304;bad
C:/Users/Андрей/PycharmProjects/pythonProject8/dataset/bad\0305.txt;dataset/bad/0305;bad
C:/Users/Андрей/PycharmProjects/pythonProject8/dataset/bad\0306.txt;dataset/bad/0306;bad
C:/Users/Андрей/PycharmProjects/pythonProject8/dataset/bad\0307.txt;dataset/bad/0307;bad
C:/Users/Андрей/PycharmProjects/pythonProject8/dataset/bad\0308.txt;dataset/bad/0308;bad
C:/Users/Андрей/PycharmProjects/pythonProject8/dataset/bad\0309.txt;dataset/bad/0309;bad
C:/Users/Андрей/PycharmProjects/pythonProject8/dataset/bad\0310.txt;dataset/bad/0310;bad
C:/Users/Андрей/PycharmProjects/pythonProject8/dataset/bad\0311.txt;dataset/bad/0311;bad
C:/Users/Андрей/PycharmProjects/pythonProject8/dataset/bad\0312.txt;dataset/bad/0312;bad
C:/Users/Андрей/PycharmProjects/pythonProject8/dataset/bad\0313.txt;dataset/bad/0313;bad
C:/Users/Андрей/PycharmProjects/pythonProject8/dataset/bad\0314.txt;dataset/bad/0314;bad
C:/Users/Андрей/PycharmProjects/pythonProject8/dataset/bad\0315.txt;dataset/bad/0315;bad
C:/Users/Андрей/PycharmProjects/pythonProject8/dataset/bad\0316.txt;dataset/bad/0316;bad
C:/Users/Андрей/PycharmProjects/pythonProject8/dataset/bad\0317.txt;dataset/bad/0317;bad
C:/Users/Андрей/PycharmProjects/pythonProject8/dataset/bad\0318.txt;dataset/bad/0318;bad
C:/Users/Андрей/PycharmProjects/pythonProject8/dataset/bad\0319.txt;dataset/bad/0319;bad
C:/Users/Андрей/PycharmProjects/pythonProject8/dataset/bad\0320.txt;dataset/bad/0320;bad
C:/Users/Андрей/PycharmProjects/pythonProject8/dataset/bad\0321.txt;dataset/bad/0321;bad
C:/Users/Андрей/PycharmProjects/pythonProject8/dataset/bad\0322.txt;dataset/bad/0322;bad
C:/Users/Андрей/PycharmProjects/pythonProject8/dataset/bad\0323.txt;dataset/bad/0323;bad
C:/Users/Андрей/PycharmProjects/pythonProject8/dataset/bad\0324.txt;dataset/bad/0324;bad
C:/Users/Андрей/PycharmProjects/pythonProject8/dataset/bad\0325.txt;dataset/bad/0325;bad
C:/Users/Андрей/PycharmProjects/pythonProject8/dataset/bad\0326.txt;dataset/bad/0326;bad
C:/Users/Андрей/PycharmProjects/pythonProject8/dataset/bad\0327.txt;dataset/bad/0327;bad
C:/Users/Андрей/PycharmProjects/pythonProject8/dataset/bad\0328.txt;dataset/bad/0328;bad
C:/Users/Андрей/PycharmProjects/pythonProject8/dataset/bad\0329.txt;dataset/bad/0329;bad
C:/Users/Андрей/PycharmProjects/pythonProject8/dataset/bad\0330.txt;dataset/bad/0330;bad
C:/Users/Андрей/PycharmProjects/pythonProject8/dataset/bad\0331.txt;dataset/bad/0331;bad
C:/Users/Андрей/PycharmProjects/pythonProject8/dataset/bad\0332.txt;dataset/bad/0332;bad
C:/Users/Андрей/PycharmProjects/pythonProject8/dataset/bad\0333.txt;dataset/bad/0333;bad
C:/Users/Андрей/PycharmProjects/pythonProject8/dataset/bad\0334.txt;dataset/bad/0334;bad
C:/Users/Андрей/PycharmProjects/pythonProject8/dataset/bad\0335.txt;dataset/bad/0335;bad
C:/Users/Андрей/PycharmProjects/pythonProject8/dataset/bad\0336.txt;dataset/bad/0336;bad
C:/Users/Андрей/PycharmProjects/pythonProject8/dataset/bad\0337.txt;dataset/bad/0337;bad
C:/Users/Андрей/PycharmProjects/pythonProject8/dataset/bad\0338.txt;dataset/bad/0338;bad
C:/Users/Андрей/PycharmProjects/pythonProject8/dataset/bad\0339.txt;dataset/bad/0339;bad
C:/Users/Андрей/PycharmProjects/pythonProject8/dataset/bad\0340.txt;dataset/bad/0340;bad
C:/Users/Андрей/PycharmProjects/pythonProject8/dataset/bad\0341.txt;dataset/bad/0341;bad
C:/Users/Андрей/PycharmProjects/pythonProject8/dataset/bad\0342.txt;dataset/bad/0342;bad
C:/Users/Андрей/PycharmProjects/pythonProject8/dataset/bad\0343.txt;dataset/bad/0343;bad
C:/Users/Андрей/PycharmProjects/pythonProject8/dataset/bad\0344.txt;dataset/bad/0344;bad
C:/Users/Андрей/PycharmProjects/pythonProject8/dataset/bad\0345.txt;dataset/bad/0345;bad
C:/Users/Андрей/PycharmProjects/pythonProject8/dataset/bad\0346.txt;dataset/bad/0346;bad
C:/Users/Андрей/PycharmProjects/pythonProject8/dataset/bad\0347.txt;dataset/bad/0347;bad
C:/Users/Андрей/PycharmProjects/pythonProject8/dataset/bad\0348.txt;dataset/bad/0348;bad
C:/Users/Андрей/PycharmProjects/pythonProject8/dataset/bad\0349.txt;dataset/bad/0349;bad
C:/Users/Андрей/PycharmProjects/pythonProject8/dataset/bad\0350.txt;dataset/bad/0350;bad
C:/Users/Андрей/PycharmProjects/pythonProject8/dataset/bad\0351.txt;dataset/bad/0351;bad
C:/Users/Андрей/PycharmProjects/pythonProject8/dataset/bad\0352.txt;dataset/bad/0352;bad
C:/Users/Андрей/PycharmProjects/pythonProject8/dataset/bad\0353.txt;dataset/bad/0353;bad
C:/Users/Андрей/PycharmProjects/pythonProject8/dataset/bad\0354.txt;dataset/bad/0354;bad
C:/Users/Андрей/PycharmProjects/pythonProject8/dataset/bad\0355.txt;dataset/bad/0355;bad
C:/Users/Андрей/PycharmProjects/pythonProject8/dataset/bad\0356.txt;dataset/bad/0356;bad
C:/Users/Андрей/PycharmProjects/pythonProject8/dataset/bad\0357.txt;dataset/bad/0357;bad
C:/Users/Андрей/PycharmProjects/pythonProject8/dataset/bad\0358.txt;dataset/bad/0358;bad
C:/Users/Андрей/PycharmProjects/pythonProject8/dataset/bad\0359.txt;dataset/bad/0359;bad
C:/Users/Андрей/PycharmProjects/pythonProject8/dataset/bad\0360.txt;dataset/bad/0360;bad
C:/Users/Андрей/PycharmProjects/pythonProject8/dataset/bad\0361.txt;dataset/bad/0361;bad
C:/Users/Андрей/PycharmProjects/pythonProject8/dataset/bad\0362.txt;dataset/bad/0362;bad
C:/Users/Андрей/PycharmProjects/pythonProject8/dataset/bad\0363.txt;dataset/bad/0363;bad
C:/Users/Андрей/PycharmProjects/pythonProject8/dataset/bad\0364.txt;dataset/bad/0364;bad
C:/Users/Андрей/PycharmProjects/pythonProject8/dataset/bad\0365.txt;dataset/bad/0365;bad
C:/Users/Андрей/PycharmProjects/pythonProject8/dataset/bad\0366.txt;dataset/bad/0366;bad
C:/Users/Андрей/PycharmProjects/pythonProject8/dataset/bad\0367.txt;dataset/bad/0367;bad
C:/Users/Андрей/PycharmProjects/pythonProject8/dataset/bad\0368.txt;dataset/bad/0368;bad
C:/Users/Андрей/PycharmProjects/pythonProject8/dataset/bad\0369.txt;dataset/bad/0369;bad
C:/Users/Андрей/PycharmProjects/pythonProject8/dataset/bad\0370.txt;dataset/bad/0370;bad
C:/Users/Андрей/PycharmProjects/pythonProject8/dataset/bad\0371.txt;dataset/bad/0371;bad
C:/Users/Андрей/PycharmProjects/pythonProject8/dataset/bad\0372.txt;dataset/bad/0372;bad
C:/Users/Андрей/PycharmProjects/pythonProject8/dataset/bad\0373.txt;dataset/bad/0373;bad
C:/Users/Андрей/PycharmProjects/pythonProject8/dataset/bad\0374.txt;dataset/bad/0374;bad
C:/Users/Андрей/PycharmProjects/pythonProject8/dataset/bad\0375.txt;dataset/bad/0375;bad
C:/Users/Андрей/PycharmProjects/pythonProject8/dataset/bad\0376.txt;dataset/bad/0376;bad
C:/Users/Андрей/PycharmProjects/pythonProject8/dataset/bad\0377.txt;dataset/bad/0377;bad
C:/Users/Андрей/PycharmProjects/pythonProject8/dataset/bad\0378.txt;dataset/bad/0378;bad
C:/Users/Андрей/PycharmProjects/pythonProject8/dataset/bad\0379.txt;dataset/bad/0379;bad
C:/Users/Андрей/PycharmProjects/pythonProject8/dataset/bad\0380.txt;dataset/bad/0380;bad
C:/Users/Андрей/PycharmProjects/pythonProject8/dataset/bad\0381.txt;dataset/bad/0381;bad
C:/Users/Андрей/PycharmProjects/pythonProject8/dataset/bad\0382.txt;dataset/bad/0382;bad
C:/Users/Андрей/PycharmProjects/pythonProject8/dataset/bad\0383.txt;dataset/bad/0383;bad
C:/Users/Андрей/PycharmProjects/pythonProject8/dataset/bad\0384.txt;dataset/bad/0384;bad
C:/Users/Андрей/PycharmProjects/pythonProject8/dataset/bad\0385.txt;dataset/bad/0385;bad
C:/Users/Андрей/PycharmProjects/pythonProject8/dataset/bad\0386.txt;dataset/bad/0386;bad
C:/Users/Андрей/PycharmProjects/pythonProject8/dataset/bad\0387.txt;dataset/bad/0387;bad
C:/Users/Андрей/PycharmProjects/pythonProject8/dataset/bad\0388.txt;dataset/bad/0388;bad
C:/Users/Андрей/PycharmProjects/pythonProject8/dataset/bad\0389.txt;dataset/bad/0389;bad
C:/Users/Андрей/PycharmProjects/pythonProject8/dataset/bad\0390.txt;dataset/bad/0390;bad
C:/Users/Андрей/PycharmProjects/pythonProject8/dataset/bad\0391.txt;dataset/bad/0391;bad
C:/Users/Андрей/PycharmProjects/pythonProject8/dataset/bad\0392.txt;dataset/bad/0392;bad
C:/Users/Андрей/PycharmProjects/pythonProject8/dataset/bad\0393.txt;dataset/bad/0393;bad
C:/Users/Андрей/PycharmProjects/pythonProject8/dataset/bad\0394.txt;dataset/bad/0394;bad
C:/Users/Андрей/PycharmProjects/pythonProject8/dataset/bad\0395.txt;dataset/bad/0395;bad
C:/Users/Андрей/PycharmProjects/pythonProject8/dataset/bad\0396.txt;dataset/bad/0396;bad
C:/Users/Андрей/PycharmProjects/pythonProject8/dataset/bad\0397.txt;dataset/bad/0397;bad
C:/Users/Андрей/PycharmProjects/pythonProject8/dataset/bad\0398.txt;dataset/bad/0398;bad
C:/Users/Андрей/PycharmProjects/pythonProject8/dataset/bad\0399.txt;dataset/bad/0399;bad
C:/Users/Андрей/PycharmProjects/pythonProject8/dataset/bad\0400.txt;dataset/bad/0400;bad
C:/Users/Андрей/PycharmProjects/pythonProject8/dataset/bad\0401.txt;dataset/bad/0401;bad
C:/Users/Андрей/PycharmProjects/pythonProject8/dataset/bad\0402.txt;dataset/bad/0402;bad
C:/Users/Андрей/PycharmProjects/pythonProject8/dataset/bad\0403.txt;dataset/bad/0403;bad
C:/Users/Андрей/PycharmProjects/pythonProject8/dataset/bad\0404.txt;dataset/bad/0404;bad
C:/Users/Андрей/PycharmProjects/pythonProject8/dataset/bad\0405.txt;dataset/bad/0405;bad
C:/Users/Андрей/PycharmProjects/pythonProject8/dataset/bad\0406.txt;dataset/bad/0406;bad
C:/Users/Андрей/PycharmProjects/pythonProject8/dataset/bad\0407.txt;dataset/bad/0407;bad
C:/Users/Андрей/PycharmProjects/pythonProject8/dataset/bad\0408.txt;dataset/bad/0408;bad
C:/Users/Андрей/PycharmProjects/pythonProject8/dataset/bad\0409.txt;dataset/bad/0409;bad
C:/Users/Андрей/PycharmProjects/pythonProject8/dataset/bad\0410.txt;dataset/bad/0410;bad
C:/Users/Андрей/PycharmProjects/pythonProject8/dataset/bad\0411.txt;dataset/bad/0411;bad
C:/Users/Андрей/PycharmProjects/pythonProject8/dataset/bad\0412.txt;dataset/bad/0412;bad
C:/Users/Андрей/PycharmProjects/pythonProject8/dataset/bad\0413.txt;dataset/bad/0413;bad
C:/Users/Андрей/PycharmProjects/pythonProject8/dataset/bad\0414.txt;dataset/bad/0414;bad
C:/Users/Андрей/PycharmProjects/pythonProject8/dataset/bad\0415.txt;dataset/bad/0415;bad
C:/Users/Андрей/PycharmProjects/pythonProject8/dataset/bad\0416.txt;dataset/bad/0416;bad
C:/Users/Андрей/PycharmProjects/pythonProject8/dataset/bad\0417.txt;dataset/bad/0417;bad
C:/Users/Андрей/PycharmProjects/pythonProject8/dataset/bad\0418.txt;dataset/bad/0418;bad
C:/Users/Андрей/PycharmProjects/pythonProject8/dataset/bad\0419.txt;dataset/bad/0419;bad
C:/Users/Андрей/PycharmProjects/pythonProject8/dataset/bad\0420.txt;dataset/bad/0420;bad
C:/Users/Андрей/PycharmProjects/pythonProject8/dataset/bad\0421.txt;dataset/bad/0421;bad
C:/Users/Андрей/PycharmProjects/pythonProject8/dataset/bad\0422.txt;dataset/bad/0422;bad
C:/Users/Андрей/PycharmProjects/pythonProject8/dataset/bad\0423.txt;dataset/bad/0423;bad
C:/Users/Андрей/PycharmProjects/pythonProject8/dataset/bad\0424.txt;dataset/bad/0424;bad
C:/Users/Андрей/PycharmProjects/pythonProject8/dataset/bad\0425.txt;dataset/bad/0425;bad
C:/Users/Андрей/PycharmProjects/pythonProject8/dataset/bad\0426.txt;dataset/bad/0426;bad
C:/Users/Андрей/PycharmProjects/pythonProject8/dataset/bad\0427.txt;dataset/bad/0427;bad
C:/Users/Андрей/PycharmProjects/pythonProject8/dataset/bad\0428.txt;dataset/bad/0428;bad
C:/Users/Андрей/PycharmProjects/pythonProject8/dataset/bad\0429.txt;dataset/bad/0429;bad
C:/Users/Андрей/PycharmProjects/pythonProject8/dataset/bad\0430.txt;dataset/bad/0430;bad
C:/Users/Андрей/PycharmProjects/pythonProject8/dataset/bad\0431.txt;dataset/bad/0431;bad
C:/Users/Андрей/PycharmProjects/pythonProject8/dataset/bad\0432.txt;dataset/bad/0432;bad
C:/Users/Андрей/PycharmProjects/pythonProject8/dataset/bad\0433.txt;dataset/bad/0433;bad
C:/Users/Андрей/PycharmProjects/pythonProject8/dataset/bad\0434.txt;dataset/bad/0434;bad
C:/Users/Андрей/PycharmProjects/pythonProject8/dataset/bad\0435.txt;dataset/bad/0435;bad
C:/Users/Андрей/PycharmProjects/pythonProject8/dataset/bad\0436.txt;dataset/bad/0436;bad
C:/Users/Андрей/PycharmProjects/pythonProject8/dataset/bad\0437.txt;dataset/bad/0437;bad
C:/Users/Андрей/PycharmProjects/pythonProject8/dataset/bad\0438.txt;dataset/bad/0438;bad
C:/Users/Андрей/PycharmProjects/pythonProject8/dataset/bad\0439.txt;dataset/bad/0439;bad
C:/Users/Андрей/PycharmProjects/pythonProject8/dataset/bad\0440.txt;dataset/bad/0440;bad
C:/Users/Андрей/PycharmProjects/pythonProject8/dataset/bad\0441.txt;dataset/bad/0441;bad
C:/Users/Андрей/PycharmProjects/pythonProject8/dataset/bad\0442.txt;dataset/bad/0442;bad
C:/Users/Андрей/PycharmProjects/pythonProject8/dataset/bad\0443.txt;dataset/bad/0443;bad
C:/Users/Андрей/PycharmProjects/pythonProject8/dataset/bad\0444.txt;dataset/bad/0444;bad
C:/Users/Андрей/PycharmProjects/pythonProject8/dataset/bad\0445.txt;dataset/bad/0445;bad
C:/Users/Андрей/PycharmProjects/pythonProject8/dataset/bad\0446.txt;dataset/bad/0446;bad
C:/Users/Андрей/PycharmProjects/pythonProject8/dataset/bad\0447.txt;dataset/bad/0447;bad
C:/Users/Андрей/PycharmProjects/pythonProject8/dataset/bad\0448.txt;dataset/bad/0448;bad
C:/Users/Андрей/PycharmProjects/pythonProject8/dataset/bad\0449.txt;dataset/bad/0449;bad
C:/Users/Андрей/PycharmProjects/pythonProject8/dataset/bad\0450.txt;dataset/bad/0450;bad
C:/Users/Андрей/PycharmProjects/pythonProject8/dataset/bad\0451.txt;dataset/bad/0451;bad
C:/Users/Андрей/PycharmProjects/pythonProject8/dataset/bad\0452.txt;dataset/bad/0452;bad
C:/Users/Андрей/PycharmProjects/pythonProject8/dataset/bad\0453.txt;dataset/bad/0453;bad
C:/Users/Андрей/PycharmProjects/pythonProject8/dataset/bad\0454.txt;dataset/bad/0454;bad
C:/Users/Андрей/PycharmProjects/pythonProject8/dataset/bad\0455.txt;dataset/bad/0455;bad
C:/Users/Андрей/PycharmProjects/pythonProject8/dataset/bad\0456.txt;dataset/bad/0456;bad
C:/Users/Андрей/PycharmProjects/pythonProject8/dataset/bad\0457.txt;dataset/bad/0457;bad
C:/Users/Андрей/PycharmProjects/pythonProject8/dataset/bad\0458.txt;dataset/bad/0458;bad
C:/Users/Андрей/PycharmProjects/pythonProject8/dataset/bad\0459.txt;dataset/bad/0459;bad
C:/Users/Андрей/PycharmProjects/pythonProject8/dataset/bad\0460.txt;dataset/bad/0460;bad
C:/Users/Андрей/PycharmProjects/pythonProject8/dataset/bad\0461.txt;dataset/bad/0461;bad
C:/Users/Андрей/PycharmProjects/pythonProject8/dataset/bad\0462.txt;dataset/bad/0462;bad
C:/Users/Андрей/PycharmProjects/pythonProject8/dataset/bad\0463.txt;dataset/bad/0463;bad
C:/Users/Андрей/PycharmProjects/pythonProject8/dataset/bad\0464.txt;dataset/bad/0464;bad
C:/Users/Андрей/PycharmProjects/pythonProject8/dataset/bad\0465.txt;dataset/bad/0465;bad
C:/Users/Андрей/PycharmProjects/pythonProject8/dataset/bad\0466.txt;dataset/bad/0466;bad
C:/Users/Андрей/PycharmProjects/pythonProject8/dataset/bad\0467.txt;dataset/bad/0467;bad
C:/Users/Андрей/PycharmProjects/pythonProject8/dataset/bad\0468.txt;dataset/bad/0468;bad
C:/Users/Андрей/PycharmProjects/pythonProject8/dataset/bad\0469.txt;dataset/bad/0469;bad
C:/Users/Андрей/PycharmProjects/pythonProject8/dataset/bad\0470.txt;dataset/bad/0470;bad
C:/Users/Андрей/PycharmProjects/pythonProject8/dataset/bad\0471.txt;dataset/bad/0471;bad
C:/Users/Андрей/PycharmProjects/pythonProject8/dataset/bad\0472.txt;dataset/bad/0472;bad
C:/Users/Андрей/PycharmProjects/pythonProject8/dataset/bad\0473.txt;dataset/bad/0473;bad
C:/Users/Андрей/PycharmProjects/pythonProject8/dataset/bad\0474.txt;dataset/bad/0474;bad
C:/Users/Андрей/PycharmProjects/pythonProject8/dataset/bad\0475.txt;dataset/bad/0475;bad
C:/Users/Андрей/PycharmProjects/pythonProject8/dataset/bad\0476.txt;dataset/bad/0476;bad
C:/Users/Андрей/PycharmProjects/pythonProject8/dataset/bad\0477.txt;dataset/bad/0477;bad
C:/Users/Андрей/PycharmProjects/pythonProject8/dataset/bad\0478.txt;dataset/bad/0478;bad
C:/Users/Андрей/PycharmProjects/pythonProject8/dataset/bad\0479.txt;dataset/bad/0479;bad
C:/Users/Андрей/PycharmProjects/pythonProject8/dataset/bad\0480.txt;dataset/bad/0480;bad
C:/Users/Андрей/PycharmProjects/pythonProject8/dataset/bad\0481.txt;dataset/bad/0481;bad
C:/Users/Андрей/PycharmProjects/pythonProject8/dataset/bad\0482.txt;dataset/bad/0482;bad
C:/Users/Андрей/PycharmProjects/pythonProject8/dataset/bad\0483.txt;dataset/bad/0483;bad
C:/Users/Андрей/PycharmProjects/pythonProject8/dataset/bad\0484.txt;dataset/bad/0484;bad
C:/Users/Андрей/PycharmProjects/pythonProject8/dataset/bad\0485.txt;dataset/bad/0485;bad
C:/Users/Андрей/PycharmProjects/pythonProject8/dataset/bad\0486.txt;dataset/bad/0486;bad
C:/Users/Андрей/PycharmProjects/pythonProject8/dataset/bad\0487.txt;dataset/bad/0487;bad
C:/Users/Андрей/PycharmProjects/pythonProject8/dataset/bad\0488.txt;dataset/bad/0488;bad
C:/Users/Андрей/PycharmProjects/pythonProject8/dataset/bad\0489.txt;dataset/bad/0489;bad
C:/Users/Андрей/PycharmProjects/pythonProject8/dataset/bad\0490.txt;dataset/bad/0490;bad
C:/Users/Андрей/PycharmProjects/pythonProject8/dataset/bad\0491.txt;dataset/bad/0491;bad
C:/Users/Андрей/PycharmProjects/pythonProject8/dataset/bad\0492.txt;dataset/bad/0492;bad
C:/Users/Андрей/PycharmProjects/pythonProject8/dataset/bad\0493.txt;dataset/bad/0493;bad
C:/Users/Андрей/PycharmProjects/pythonProject8/dataset/bad\0494.txt;dataset/bad/0494;bad
C:/Users/Андрей/PycharmProjects/pythonProject8/dataset/bad\0495.txt;dataset/bad/0495;bad
C:/Users/Андрей/PycharmProjects/pythonProject8/dataset/bad\0496.txt;dataset/bad/0496;bad
C:/Users/Андрей/PycharmProjects/pythonProject8/dataset/bad\0497.txt;dataset/bad/0497;bad
C:/Users/Андрей/PycharmProjects/pythonProject8/dataset/bad\0498.txt;dataset/bad/0498;bad
C:/Users/Андрей/PycharmProjects/pythonProject8/dataset/bad\0499.txt;dataset/bad/0499;bad
C:/Users/Андрей/PycharmProjects/pythonProject8/dataset/bad\0500.txt;dataset/bad/0500;bad
C:/Users/Андрей/PycharmProjects/pythonProject8/dataset/bad\0501.txt;dataset/bad/0501;bad
C:/Users/Андрей/PycharmProjects/pythonProject8/dataset/bad\0502.txt;dataset/bad/0502;bad
C:/Users/Андрей/PycharmProjects/pythonProject8/dataset/bad\0503.txt;dataset/bad/0503;bad
C:/Users/Андрей/PycharmProjects/pythonProject8/dataset/bad\0504.txt;dataset/bad/0504;bad
C:/Users/Андрей/PycharmProjects/pythonProject8/dataset/bad\0505.txt;dataset/bad/0505;bad
C:/Users/Андрей/PycharmProjects/pythonProject8/dataset/bad\0506.txt;dataset/bad/0506;bad
C:/Users/Андрей/PycharmProjects/pythonProject8/dataset/bad\0507.txt;dataset/bad/0507;bad
C:/Users/Андрей/PycharmProjects/pythonProject8/dataset/bad\0508.txt;dataset/bad/0508;bad
C:/Users/Андрей/PycharmProjects/pythonProject8/dataset/bad\0509.txt;dataset/bad/0509;bad
C:/Users/Андрей/PycharmProjects/pythonProject8/dataset/bad\0510.txt;dataset/bad/0510;bad
C:/Users/Андрей/PycharmProjects/pythonProject8/dataset/bad\0511.txt;dataset/bad/0511;bad
C:/Users/Андрей/PycharmProjects/pythonProject8/dataset/bad\0512.txt;dataset/bad/0512;bad
C:/Users/Андрей/PycharmProjects/pythonProject8/dataset/bad\0513.txt;dataset/bad/0513;bad
C:/Users/Андрей/PycharmProjects/pythonProject8/dataset/bad\0514.txt;dataset/bad/0514;bad
C:/Users/Андрей/PycharmProjects/pythonProject8/dataset/bad\0515.txt;dataset/bad/0515;bad
C:/Users/Андрей/PycharmProjects/pythonProject8/dataset/bad\0516.txt;dataset/bad/0516;bad
C:/Users/Андрей/PycharmProjects/pythonProject8/dataset/bad\0517.txt;dataset/bad/0517;bad
C:/Users/Андрей/PycharmProjects/pythonProject8/dataset/bad\0518.txt;dataset/bad/0518;bad
C:/Users/Андрей/PycharmProjects/pythonProject8/dataset/bad\0519.txt;dataset/bad/0519;bad
C:/Users/Андрей/PycharmProjects/pythonProject8/dataset/bad\0520.txt;dataset/bad/0520;bad
C:/Users/Андрей/PycharmProjects/pythonProject8/dataset/bad\0521.txt;dataset/bad/0521;bad
C:/Users/Андрей/PycharmProjects/pythonProject8/dataset/bad\0522.txt;dataset/bad/0522;bad
C:/Users/Андрей/PycharmProjects/pythonProject8/dataset/bad\0523.txt;dataset/bad/0523;bad
C:/Users/Андрей/PycharmProjects/pythonProject8/dataset/bad\0524.txt;dataset/bad/0524;bad
C:/Users/Андрей/PycharmProjects/pythonProject8/dataset/bad\0525.txt;dataset/bad/0525;bad
C:/Users/Андрей/PycharmProjects/pythonProject8/dataset/bad\0526.txt;dataset/bad/0526;bad
C:/Users/Андрей/PycharmProjects/pythonProject8/dataset/bad\0527.txt;dataset/bad/0527;bad
C:/Users/Андрей/PycharmProjects/pythonProject8/dataset/bad\0528.txt;dataset/bad/0528;bad
C:/Users/Андрей/PycharmProjects/pythonProject8/dataset/bad\0529.txt;dataset/bad/0529;bad
C:/Users/Андрей/PycharmProjects/pythonProject8/dataset/bad\0530.txt;dataset/bad/0530;bad
C:/Users/Андрей/PycharmProjects/pythonProject8/dataset/bad\0531.txt;dataset/bad/0531;bad
C:/Users/Андрей/PycharmProjects/pythonProject8/dataset/bad\0532.txt;dataset/bad/0532;bad
C:/Users/Андрей/PycharmProjects/pythonProject8/dataset/bad\0533.txt;dataset/bad/0533;bad
C:/Users/Андрей/PycharmProjects/pythonProject8/dataset/bad\0534.txt;dataset/bad/0534;bad
C:/Users/Андрей/PycharmProjects/pythonProject8/dataset/bad\0535.txt;dataset/bad/0535;bad
C:/Users/Андрей/PycharmProjects/pythonProject8/dataset/bad\0536.txt;dataset/bad/0536;bad
C:/Users/Андрей/PycharmProjects/pythonProject8/dataset/bad\0537.txt;dataset/bad/0537;bad
C:/Users/Андрей/PycharmProjects/pythonProject8/dataset/bad\0538.txt;dataset/bad/0538;bad
C:/Users/Андрей/PycharmProjects/pythonProject8/dataset/bad\0539.txt;dataset/bad/0539;bad
C:/Users/Андрей/PycharmProjects/pythonProject8/dataset/bad\0540.txt;dataset/bad/0540;bad
C:/Users/Андрей/PycharmProjects/pythonProject8/dataset/bad\0541.txt;dataset/bad/0541;bad
C:/Users/Андрей/PycharmProjects/pythonProject8/dataset/bad\0542.txt;dataset/bad/0542;bad
C:/Users/Андрей/PycharmProjects/pythonProject8/dataset/bad\0543.txt;dataset/bad/0543;bad
C:/Users/Андрей/PycharmProjects/pythonProject8/dataset/bad\0544.txt;dataset/bad/0544;bad
C:/Users/Андрей/PycharmProjects/pythonProject8/dataset/bad\0545.txt;dataset/bad/0545;bad
C:/Users/Андрей/PycharmProjects/pythonProject8/dataset/bad\0546.txt;dataset/bad/0546;bad
C:/Users/Андрей/PycharmProjects/pythonProject8/dataset/bad\0547.txt;dataset/bad/0547;bad
C:/Users/Андрей/PycharmProjects/pythonProject8/dataset/bad\0548.txt;dataset/bad/0548;bad
C:/Users/Андрей/PycharmProjects/pythonProject8/dataset/bad\0549.txt;dataset/bad/0549;bad
C:/Users/Андрей/PycharmProjects/pythonProject8/dataset/bad\0550.txt;dataset/bad/0550;bad
C:/Users/Андрей/PycharmProjects/pythonProject8/dataset/bad\0551.txt;dataset/bad/0551;bad
C:/Users/Андрей/PycharmProjects/pythonProject8/dataset/bad\0552.txt;dataset/bad/0552;bad
C:/Users/Андрей/PycharmProjects/pythonProject8/dataset/bad\0553.txt;dataset/bad/0553;bad
C:/Users/Андрей/PycharmProjects/pythonProject8/dataset/bad\0554.txt;dataset/bad/0554;bad
C:/Users/Андрей/PycharmProjects/pythonProject8/dataset/bad\0555.txt;dataset/bad/0555;bad
C:/Users/Андрей/PycharmProjects/pythonProject8/dataset/bad\0556.txt;dataset/bad/0556;bad
C:/Users/Андрей/PycharmProjects/pythonProject8/dataset/bad\0557.txt;dataset/bad/0557;bad
C:/Users/Андрей/PycharmProjects/pythonProject8/dataset/bad\0558.txt;dataset/bad/0558;bad
C:/Users/Андрей/PycharmProjects/pythonProject8/dataset/bad\0559.txt;dataset/bad/0559;bad
C:/Users/Андрей/PycharmProjects/pythonProject8/dataset/bad\0560.txt;dataset/bad/0560;bad
C:/Users/Андрей/PycharmProjects/pythonProject8/dataset/bad\0561.txt;dataset/bad/0561;bad
C:/Users/Андрей/PycharmProjects/pythonProject8/dataset/bad\0562.txt;dataset/bad/0562;bad
C:/Users/Андрей/PycharmProjects/pythonProject8/dataset/bad\0563.txt;dataset/bad/0563;bad
C:/Users/Андрей/PycharmProjects/pythonProject8/dataset/bad\0564.txt;dataset/bad/0564;bad
C:/Users/Андрей/PycharmProjects/pythonProject8/dataset/bad\0565.txt;dataset/bad/0565;bad
C:/Users/Андрей/PycharmProjects/pythonProject8/dataset/bad\0566.txt;dataset/bad/0566;bad
C:/Users/Андрей/PycharmProjects/pythonProject8/dataset/bad\0567.txt;dataset/bad/0567;bad
C:/Users/Андрей/PycharmProjects/pythonProject8/dataset/bad\0568.txt;dataset/bad/0568;bad
C:/Users/Андрей/PycharmProjects/pythonProject8/dataset/bad\0569.txt;dataset/bad/0569;bad
C:/Users/Андрей/PycharmProjects/pythonProject8/dataset/bad\0570.txt;dataset/bad/0570;bad
C:/Users/Андрей/PycharmProjects/pythonProject8/dataset/bad\0571.txt;dataset/bad/0571;bad
C:/Users/Андрей/PycharmProjects/pythonProject8/dataset/bad\0572.txt;dataset/bad/0572;bad
C:/Users/Андрей/PycharmProjects/pythonProject8/dataset/bad\0573.txt;dataset/bad/0573;bad
C:/Users/Андрей/PycharmProjects/pythonProject8/dataset/bad\0574.txt;dataset/bad/0574;bad
C:/Users/Андрей/PycharmProjects/pythonProject8/dataset/bad\0575.txt;dataset/bad/0575;bad
C:/Users/Андрей/PycharmProjects/pythonProject8/dataset/bad\0576.txt;dataset/bad/0576;bad
C:/Users/Андрей/PycharmProjects/pythonProject8/dataset/bad\0577.txt;dataset/bad/0577;bad
C:/Users/Андрей/PycharmProjects/pythonProject8/dataset/bad\0578.txt;dataset/bad/0578;bad
C:/Users/Андрей/PycharmProjects/pythonProject8/dataset/bad\0579.txt;dataset/bad/0579;bad
C:/Users/Андрей/PycharmProjects/pythonProject8/dataset/bad\0580.txt;dataset/bad/0580;bad
C:/Users/Андрей/PycharmProjects/pythonProject8/dataset/bad\0581.txt;dataset/bad/0581;bad
C:/Users/Андрей/PycharmProjects/pythonProject8/dataset/bad\0582.txt;dataset/bad/0582;bad
C:/Users/Андрей/PycharmProjects/pythonProject8/dataset/bad\0583.txt;dataset/bad/0583;bad
C:/Users/Андрей/PycharmProjects/pythonProject8/dataset/bad\0584.txt;dataset/bad/0584;bad
C:/Users/Андрей/PycharmProjects/pythonProject8/dataset/bad\0585.txt;dataset/bad/0585;bad
C:/Users/Андрей/PycharmProjects/pythonProject8/dataset/bad\0586.txt;dataset/bad/0586;bad
C:/Users/Андрей/PycharmProjects/pythonProject8/dataset/bad\0587.txt;dataset/bad/0587;bad
C:/Users/Андрей/PycharmProjects/pythonProject8/dataset/bad\0588.txt;dataset/bad/0588;bad
C:/Users/Андрей/PycharmProjects/pythonProject8/dataset/bad\0589.txt;dataset/bad/0589;bad
C:/Users/Андрей/PycharmProjects/pythonProject8/dataset/bad\0590.txt;dataset/bad/0590;bad
C:/Users/Андрей/PycharmProjects/pythonProject8/dataset/bad\0591.txt;dataset/bad/0591;bad
C:/Users/Андрей/PycharmProjects/pythonProject8/dataset/bad\0592.txt;dataset/bad/0592;bad
C:/Users/Андрей/PycharmProjects/pythonProject8/dataset/bad\0593.txt;dataset/bad/0593;bad
C:/Users/Андрей/PycharmProjects/pythonProject8/dataset/bad\0594.txt;dataset/bad/0594;bad
C:/Users/Андрей/PycharmProjects/pythonProject8/dataset/bad\0595.txt;dataset/bad/0595;bad
C:/Users/Андрей/PycharmProjects/pythonProject8/dataset/bad\0596.txt;dataset/bad/0596;bad
C:/Users/Андрей/PycharmProjects/pythonProject8/dataset/bad\0597.txt;dataset/bad/0597;bad
C:/Users/Андрей/PycharmProjects/pythonProject8/dataset/bad\0598.txt;dataset/bad/0598;bad
C:/Users/Андрей/PycharmProjects/pythonProject8/dataset/bad\0599.txt;dataset/bad/0599;bad
C:/Users/Андрей/PycharmProjects/pythonProject8/dataset/bad\0600.txt;dataset/bad/0600;bad
C:/Users/Андрей/PycharmProjects/pythonProject8/dataset/bad\0601.txt;dataset/bad/0601;bad
C:/Users/Андрей/PycharmProjects/pythonProject8/dataset/bad\0602.txt;dataset/bad/0602;bad
C:/Users/Андрей/PycharmProjects/pythonProject8/dataset/bad\0603.txt;dataset/bad/0603;bad
C:/Users/Андрей/PycharmProjects/pythonProject8/dataset/bad\0604.txt;dataset/bad/0604;bad
C:/Users/Андрей/PycharmProjects/pythonProject8/dataset/bad\0605.txt;dataset/bad/0605;bad
C:/Users/Андрей/PycharmProjects/pythonProject8/dataset/bad\0606.txt;dataset/bad/0606;bad
C:/Users/Андрей/PycharmProjects/pythonProject8/dataset/bad\0607.txt;dataset/bad/0607;bad
C:/Users/Андрей/PycharmProjects/pythonProject8/dataset/bad\0608.txt;dataset/bad/0608;bad
C:/Users/Андрей/PycharmProjects/pythonProject8/dataset/bad\0609.txt;dataset/bad/0609;bad
C:/Users/Андрей/PycharmProjects/pythonProject8/dataset/bad\0610.txt;dataset/bad/0610;bad
C:/Users/Андрей/PycharmProjects/pythonProject8/dataset/bad\0611.txt;dataset/bad/0611;bad
C:/Users/Андрей/PycharmProjects/pythonProject8/dataset/bad\0612.txt;dataset/bad/0612;bad
C:/Users/Андрей/PycharmProjects/pythonProject8/dataset/bad\0613.txt;dataset/bad/0613;bad
C:/Users/Андрей/PycharmProjects/pythonProject8/dataset/bad\0614.txt;dataset/bad/0614;bad
C:/Users/Андрей/PycharmProjects/pythonProject8/dataset/bad\0615.txt;dataset/bad/0615;bad
C:/Users/Андрей/PycharmProjects/pythonProject8/dataset/bad\0616.txt;dataset/bad/0616;bad
C:/Users/Андрей/PycharmProjects/pythonProject8/dataset/bad\0617.txt;dataset/bad/0617;bad
C:/Users/Андрей/PycharmProjects/pythonProject8/dataset/bad\0618.txt;dataset/bad/0618;bad
C:/Users/Андрей/PycharmProjects/pythonProject8/dataset/bad\0619.txt;dataset/bad/0619;bad
C:/Users/Андрей/PycharmProjects/pythonProject8/dataset/bad\0620.txt;dataset/bad/0620;bad
C:/Users/Андрей/PycharmProjects/pythonProject8/dataset/bad\0621.txt;dataset/bad/0621;bad
C:/Users/Андрей/PycharmProjects/pythonProject8/dataset/bad\0622.txt;dataset/bad/0622;bad
C:/Users/Андрей/PycharmProjects/pythonProject8/dataset/bad\0623.txt;dataset/bad/0623;bad
C:/Users/Андрей/PycharmProjects/pythonProject8/dataset/bad\0624.txt;dataset/bad/0624;bad
C:/Users/Андрей/PycharmProjects/pythonProject8/dataset/bad\0625.txt;dataset/bad/0625;bad
C:/Users/Андрей/PycharmProjects/pythonProject8/dataset/bad\0626.txt;dataset/bad/0626;bad
C:/Users/Андрей/PycharmProjects/pythonProject8/dataset/bad\0627.txt;dataset/bad/0627;bad
C:/Users/Андрей/PycharmProjects/pythonProject8/dataset/bad\0628.txt;dataset/bad/0628;bad
C:/Users/Андрей/PycharmProjects/pythonProject8/dataset/bad\0629.txt;dataset/bad/0629;bad
C:/Users/Андрей/PycharmProjects/pythonProject8/dataset/bad\0630.txt;dataset/bad/0630;bad
C:/Users/Андрей/PycharmProjects/pythonProject8/dataset/bad\0631.txt;dataset/bad/0631;bad
C:/Users/Андрей/PycharmProjects/pythonProject8/dataset/bad\0632.txt;dataset/bad/0632;bad
C:/Users/Андрей/PycharmProjects/pythonProject8/dataset/bad\0633.txt;dataset/bad/0633;bad
C:/Users/Андрей/PycharmProjects/pythonProject8/dataset/bad\0634.txt;dataset/bad/0634;bad
C:/Users/Андрей/PycharmProjects/pythonProject8/dataset/bad\0635.txt;dataset/bad/0635;bad
C:/Users/Андрей/PycharmProjects/pythonProject8/dataset/bad\0636.txt;dataset/bad/0636;bad
C:/Users/Андрей/PycharmProjects/pythonProject8/dataset/bad\0637.txt;dataset/bad/0637;bad
C:/Users/Андрей/PycharmProjects/pythonProject8/dataset/bad\0638.txt;dataset/bad/0638;bad
C:/Users/Андрей/PycharmProjects/pythonProject8/dataset/bad\0639.txt;dataset/bad/0639;bad
C:/Users/Андрей/PycharmProjects/pythonProject8/dataset/bad\0640.txt;dataset/bad/0640;bad
C:/Users/Андрей/PycharmProjects/pythonProject8/dataset/bad\0641.txt;dataset/bad/0641;bad
C:/Users/Андрей/PycharmProjects/pythonProject8/dataset/bad\0642.txt;dataset/bad/0642;bad
C:/Users/Андрей/PycharmProjects/pythonProject8/dataset/bad\0643.txt;dataset/bad/0643;bad
C:/Users/Андрей/PycharmProjects/pythonProject8/dataset/bad\0644.txt;dataset/bad/0644;bad
C:/Users/Андрей/PycharmProjects/pythonProject8/dataset/bad\0645.txt;dataset/bad/0645;bad
C:/Users/Андрей/PycharmProjects/pythonProject8/dataset/bad\0646.txt;dataset/bad/0646;bad
C:/Users/Андрей/PycharmProjects/pythonProject8/dataset/bad\0647.txt;dataset/bad/0647;bad
C:/Users/Андрей/PycharmProjects/pythonProject8/dataset/bad\0648.txt;dataset/bad/0648;bad
C:/Users/Андрей/PycharmProjects/pythonProject8/dataset/bad\0649.txt;dataset/bad/0649;bad
C:/Users/Андрей/PycharmProjects/pythonProject8/dataset/bad\0650.txt;dataset/bad/0650;bad
C:/Users/Андрей/PycharmProjects/pythonProject8/dataset/bad\0651.txt;dataset/bad/0651;bad
C:/Users/Андрей/PycharmProjects/pythonProject8/dataset/bad\0652.txt;dataset/bad/0652;bad
C:/Users/Андрей/PycharmProjects/pythonProject8/dataset/bad\0653.txt;dataset/bad/0653;bad
C:/Users/Андрей/PycharmProjects/pythonProject8/dataset/bad\0654.txt;dataset/bad/0654;bad
C:/Users/Андрей/PycharmProjects/pythonProject8/dataset/bad\0655.txt;dataset/bad/0655;bad
C:/Users/Андрей/PycharmProjects/pythonProject8/dataset/bad\0656.txt;dataset/bad/0656;bad
C:/Users/Андрей/PycharmProjects/pythonProject8/dataset/bad\0657.txt;dataset/bad/0657;bad
C:/Users/Андрей/PycharmProjects/pythonProject8/dataset/bad\0658.txt;dataset/bad/0658;bad
C:/Users/Андрей/PycharmProjects/pythonProject8/dataset/bad\0659.txt;dataset/bad/0659;bad
C:/Users/Андрей/PycharmProjects/pythonProject8/dataset/bad\0660.txt;dataset/bad/0660;bad
C:/Users/Андрей/PycharmProjects/pythonProject8/dataset/bad\0661.txt;dataset/bad/0661;bad
C:/Users/Андрей/PycharmProjects/pythonProject8/dataset/bad\0662.txt;dataset/bad/0662;bad
C:/Users/Андрей/PycharmProjects/pythonProject8/dataset/bad\0663.txt;dataset/bad/0663;bad
C:/Users/Андрей/PycharmProjects/pythonProject8/dataset/bad\0664.txt;dataset/bad/0664;bad
C:/Users/Андрей/PycharmProjects/pythonProject8/dataset/bad\0665.txt;dataset/bad/0665;bad
C:/Users/Андрей/PycharmProjects/pythonProject8/dataset/bad\0666.txt;dataset/bad/0666;bad
C:/Users/Андрей/PycharmProjects/pythonProject8/dataset/bad\0667.txt;dataset/bad/0667;bad
C:/Users/Андрей/PycharmProjects/pythonProject8/dataset/bad\0668.txt;dataset/bad/0668;bad
C:/Users/Андрей/PycharmProjects/pythonProject8/dataset/bad\0669.txt;dataset/bad/0669;bad
C:/Users/Андрей/PycharmProjects/pythonProject8/dataset/bad\0670.txt;dataset/bad/0670;bad
C:/Users/Андрей/PycharmProjects/pythonProject8/dataset/bad\0671.txt;dataset/bad/0671;bad
C:/Users/Андрей/PycharmProjects/pythonProject8/dataset/bad\0672.txt;dataset/bad/0672;bad
C:/Users/Андрей/PycharmProjects/pythonProject8/dataset/bad\0673.txt;dataset/bad/0673;bad
C:/Users/Андрей/PycharmProjects/pythonProject8/dataset/bad\0674.txt;dataset/bad/0674;bad
C:/Users/Андрей/PycharmProjects/pythonProject8/dataset/bad\0675.txt;dataset/bad/0675;bad
C:/Users/Андрей/PycharmProjects/pythonProject8/dataset/bad\0676.txt;dataset/bad/0676;bad
C:/Users/Андрей/PycharmProjects/pythonProject8/dataset/bad\0677.txt;dataset/bad/0677;bad
C:/Users/Андрей/PycharmProjects/pythonProject8/dataset/bad\0678.txt;dataset/bad/0678;bad
C:/Users/Андрей/PycharmProjects/pythonProject8/dataset/bad\0679.txt;dataset/bad/0679;bad
C:/Users/Андрей/PycharmProjects/pythonProject8/dataset/bad\0680.txt;dataset/bad/0680;bad
C:/Users/Андрей/PycharmProjects/pythonProject8/dataset/bad\0681.txt;dataset/bad/0681;bad
C:/Users/Андрей/PycharmProjects/pythonProject8/dataset/bad\0682.txt;dataset/bad/0682;bad
C:/Users/Андрей/PycharmProjects/pythonProject8/dataset/bad\0683.txt;dataset/bad/0683;bad
C:/Users/Андрей/PycharmProjects/pythonProject8/dataset/bad\0684.txt;dataset/bad/0684;bad
C:/Users/Андрей/PycharmProjects/pythonProject8/dataset/bad\0685.txt;dataset/bad/0685;bad
C:/Users/Андрей/PycharmProjects/pythonProject8/dataset/bad\0686.txt;dataset/bad/0686;bad
C:/Users/Андрей/PycharmProjects/pythonProject8/dataset/bad\0687.txt;dataset/bad/0687;bad
C:/Users/Андрей/PycharmProjects/pythonProject8/dataset/bad\0688.txt;dataset/bad/0688;bad
C:/Users/Андрей/PycharmProjects/pythonProject8/dataset/bad\0689.txt;dataset/bad/0689;bad
C:/Users/Андрей/PycharmProjects/pythonProject8/dataset/bad\0690.txt;dataset/bad/0690;bad
C:/Users/Андрей/PycharmProjects/pythonProject8/dataset/bad\0691.txt;dataset/bad/0691;bad
C:/Users/Андрей/PycharmProjects/pythonProject8/dataset/bad\0692.txt;dataset/bad/0692;bad
C:/Users/Андрей/PycharmProjects/pythonProject8/dataset/bad\0693.txt;dataset/bad/0693;bad
C:/Users/Андрей/PycharmProjects/pythonProject8/dataset/bad\0694.txt;dataset/bad/0694;bad
C:/Users/Андрей/PycharmProjects/pythonProject8/dataset/bad\0695.txt;dataset/bad/0695;bad
C:/Users/Андрей/PycharmProjects/pythonProject8/dataset/bad\0696.txt;dataset/bad/0696;bad
C:/Users/Андрей/PycharmProjects/pythonProject8/dataset/bad\0697.txt;dataset/bad/0697;bad
C:/Users/Андрей/PycharmProjects/pythonProject8/dataset/bad\0698.txt;dataset/bad/0698;bad
C:/Users/Андрей/PycharmProjects/pythonProject8/dataset/bad\0699.txt;dataset/bad/0699;bad
C:/Users/Андрей/PycharmProjects/pythonProject8/dataset/bad\0700.txt;dataset/bad/0700;bad
C:/Users/Андрей/PycharmProjects/pythonProject8/dataset/bad\0701.txt;dataset/bad/0701;bad
C:/Users/Андрей/PycharmProjects/pythonProject8/dataset/bad\0702.txt;dataset/bad/0702;bad
C:/Users/Андрей/PycharmProjects/pythonProject8/dataset/bad\0703.txt;dataset/bad/0703;bad
C:/Users/Андрей/PycharmProjects/pythonProject8/dataset/bad\0704.txt;dataset/bad/0704;bad
C:/Users/Андрей/PycharmProjects/pythonProject8/dataset/bad\0705.txt;dataset/bad/0705;bad
C:/Users/Андрей/PycharmProjects/pythonProject8/dataset/bad\0706.txt;dataset/bad/0706;bad
C:/Users/Андрей/PycharmProjects/pythonProject8/dataset/bad\0707.txt;dataset/bad/0707;bad
C:/Users/Андрей/PycharmProjects/pythonProject8/dataset/bad\0708.txt;dataset/bad/0708;bad
C:/Users/Андрей/PycharmProjects/pythonProject8/dataset/bad\0709.txt;dataset/bad/0709;bad
C:/Users/Андрей/PycharmProjects/pythonProject8/dataset/bad\0710.txt;dataset/bad/0710;bad
C:/Users/Андрей/PycharmProjects/pythonProject8/dataset/bad\0711.txt;dataset/bad/0711;bad
C:/Users/Андрей/PycharmProjects/pythonProject8/dataset/bad\0712.txt;dataset/bad/0712;bad
C:/Users/Андрей/PycharmProjects/pythonProject8/dataset/bad\0713.txt;dataset/bad/0713;bad
C:/Users/Андрей/PycharmProjects/pythonProject8/dataset/bad\0714.txt;dataset/bad/0714;bad
C:/Users/Андрей/PycharmProjects/pythonProject8/dataset/bad\0715.txt;dataset/bad/0715;bad
C:/Users/Андрей/PycharmProjects/pythonProject8/dataset/bad\0716.txt;dataset/bad/0716;bad
C:/Users/Андрей/PycharmProjects/pythonProject8/dataset/bad\0717.txt;dataset/bad/0717;bad
C:/Users/Андрей/PycharmProjects/pythonProject8/dataset/bad\0718.txt;dataset/bad/0718;bad
C:/Users/Андрей/PycharmProjects/pythonProject8/dataset/bad\0719.txt;dataset/bad/0719;bad
C:/Users/Андрей/PycharmProjects/pythonProject8/dataset/bad\0720.txt;dataset/bad/0720;bad
C:/Users/Андрей/PycharmProjects/pythonProject8/dataset/bad\0721.txt;dataset/bad/0721;bad
C:/Users/Андрей/PycharmProjects/pythonProject8/dataset/bad\0722.txt;dataset/bad/0722;bad
C:/Users/Андрей/PycharmProjects/pythonProject8/dataset/bad\0723.txt;dataset/bad/0723;bad
C:/Users/Андрей/PycharmProjects/pythonProject8/dataset/bad\0724.txt;dataset/bad/0724;bad
C:/Users/Андрей/PycharmProjects/pythonProject8/dataset/bad\0725.txt;dataset/bad/0725;bad
C:/Users/Андрей/PycharmProjects/pythonProject8/dataset/bad\0726.txt;dataset/bad/0726;bad
C:/Users/Андрей/PycharmProjects/pythonProject8/dataset/bad\0727.txt;dataset/bad/0727;bad
C:/Users/Андрей/PycharmProjects/pythonProject8/dataset/bad\0728.txt;dataset/bad/0728;bad
C:/Users/Андрей/PycharmProjects/pythonProject8/dataset/bad\0729.txt;dataset/bad/0729;bad
C:/Users/Андрей/PycharmProjects/pythonProject8/dataset/bad\0730.txt;dataset/bad/0730;bad
C:/Users/Андрей/PycharmProjects/pythonProject8/dataset/bad\0731.txt;dataset/bad/0731;bad
C:/Users/Андрей/PycharmProjects/pythonProject8/dataset/bad\0732.txt;dataset/bad/0732;bad
C:/Users/Андрей/PycharmProjects/pythonProject8/dataset/bad\0733.txt;dataset/bad/0733;bad
C:/Users/Андрей/PycharmProjects/pythonProject8/dataset/bad\0734.txt;dataset/bad/0734;bad
C:/Users/Андрей/PycharmProjects/pythonProject8/dataset/bad\0735.txt;dataset/bad/0735;bad
C:/Users/Андрей/PycharmProjects/pythonProject8/dataset/bad\0736.txt;dataset/bad/0736;bad
C:/Users/Андрей/PycharmProjects/pythonProject8/dataset/bad\0737.txt;dataset/bad/0737;bad
C:/Users/Андрей/PycharmProjects/pythonProject8/dataset/bad\0738.txt;dataset/bad/0738;bad
C:/Users/Андрей/PycharmProjects/pythonProject8/dataset/bad\0739.txt;dataset/bad/0739;bad
C:/Users/Андрей/PycharmProjects/pythonProject8/dataset/bad\0740.txt;dataset/bad/0740;bad
C:/Users/Андрей/PycharmProjects/pythonProject8/dataset/bad\0741.txt;dataset/bad/0741;bad
C:/Users/Андрей/PycharmProjects/pythonProject8/dataset/bad\0742.txt;dataset/bad/0742;bad
C:/Users/Андрей/PycharmProjects/pythonProject8/dataset/bad\0743.txt;dataset/bad/0743;bad
C:/Users/Андрей/PycharmProjects/pythonProject8/dataset/bad\0744.txt;dataset/bad/0744;bad
C:/Users/Андрей/PycharmProjects/pythonProject8/dataset/bad\0745.txt;dataset/bad/0745;bad
C:/Users/Андрей/PycharmProjects/pythonProject8/dataset/bad\0746.txt;dataset/bad/0746;bad
C:/Users/Андрей/PycharmProjects/pythonProject8/dataset/bad\0747.txt;dataset/bad/0747;bad
C:/Users/Андрей/PycharmProjects/pythonProject8/dataset/bad\0748.txt;dataset/bad/0748;bad
C:/Users/Андрей/PycharmProjects/pythonProject8/dataset/bad\0749.txt;dataset/bad/0749;bad
C:/Users/Андрей/PycharmProjects/pythonProject8/dataset/bad\0750.txt;dataset/bad/0750;bad
C:/Users/Андрей/PycharmProjects/pythonProject8/dataset/bad\0751.txt;dataset/bad/0751;bad
C:/Users/Андрей/PycharmProjects/pythonProject8/dataset/bad\0752.txt;dataset/bad/0752;bad
C:/Users/Андрей/PycharmProjects/pythonProject8/dataset/bad\0753.txt;dataset/bad/0753;bad
C:/Users/Андрей/PycharmProjects/pythonProject8/dataset/bad\0754.txt;dataset/bad/0754;bad
C:/Users/Андрей/PycharmProjects/pythonProject8/dataset/bad\0755.txt;dataset/bad/0755;bad
C:/Users/Андрей/PycharmProjects/pythonProject8/dataset/bad\0756.txt;dataset/bad/0756;bad
C:/Users/Андрей/PycharmProjects/pythonProject8/dataset/bad\0757.txt;dataset/bad/0757;bad
C:/Users/Андрей/PycharmProjects/pythonProject8/dataset/bad\0758.txt;dataset/bad/0758;bad
C:/Users/Андрей/PycharmProjects/pythonProject8/dataset/bad\0759.txt;dataset/bad/0759;bad
C:/Users/Андрей/PycharmProjects/pythonProject8/dataset/bad\0760.txt;dataset/bad/0760;bad
C:/Users/Андрей/PycharmProjects/pythonProject8/dataset/bad\0761.txt;dataset/bad/0761;bad
C:/Users/Андрей/PycharmProjects/pythonProject8/dataset/bad\0762.txt;dataset/bad/0762;bad
C:/Users/Андрей/PycharmProjects/pythonProject8/dataset/bad\0763.txt;dataset/bad/0763;bad
C:/Users/Андрей/PycharmProjects/pythonProject8/dataset/bad\0764.txt;dataset/bad/0764;bad
C:/Users/Андрей/PycharmProjects/pythonProject8/dataset/bad\0765.txt;dataset/bad/0765;bad
C:/Users/Андрей/PycharmProjects/pythonProject8/dataset/bad\0766.txt;dataset/bad/0766;bad
C:/Users/Андрей/PycharmProjects/pythonProject8/dataset/bad\0767.txt;dataset/bad/0767;bad
C:/Users/Андрей/PycharmProjects/pythonProject8/dataset/bad\0768.txt;dataset/bad/0768;bad
C:/Users/Андрей/PycharmProjects/pythonProject8/dataset/bad\0769.txt;dataset/bad/0769;bad
C:/Users/Андрей/PycharmProjects/pythonProject8/dataset/bad\0770.txt;dataset/bad/0770;bad
C:/Users/Андрей/PycharmProjects/pythonProject8/dataset/bad\0771.txt;dataset/bad/0771;bad
C:/Users/Андрей/PycharmProjects/pythonProject8/dataset/bad\0772.txt;dataset/bad/0772;bad
C:/Users/Андрей/PycharmProjects/pythonProject8/dataset/bad\0773.txt;dataset/bad/0773;bad
C:/Users/Андрей/PycharmProjects/pythonProject8/dataset/bad\0774.txt;dataset/bad/0774;bad
C:/Users/Андрей/PycharmProjects/pythonProject8/dataset/bad\0775.txt;dataset/bad/0775;bad
C:/Users/Андрей/PycharmProjects/pythonProject8/dataset/bad\0776.txt;dataset/bad/0776;bad
C:/Users/Андрей/PycharmProjects/pythonProject8/dataset/bad\0777.txt;dataset/bad/0777;bad
C:/Users/Андрей/PycharmProjects/pythonProject8/dataset/bad\0778.txt;dataset/bad/0778;bad
C:/Users/Андрей/PycharmProjects/pythonProject8/dataset/bad\0779.txt;dataset/bad/0779;bad
C:/Users/Андрей/PycharmProjects/pythonProject8/dataset/bad\0780.txt;dataset/bad/0780;bad
C:/Users/Андрей/PycharmProjects/pythonProject8/dataset/bad\0781.txt;dataset/bad/0781;bad
C:/Users/Андрей/PycharmProjects/pythonProject8/dataset/bad\0782.txt;dataset/bad/0782;bad
C:/Users/Андрей/PycharmProjects/pythonProject8/dataset/bad\0783.txt;dataset/bad/0783;bad
C:/Users/Андрей/PycharmProjects/pythonProject8/dataset/bad\0784.txt;dataset/bad/0784;bad
C:/Users/Андрей/PycharmProjects/pythonProject8/dataset/bad\0785.txt;dataset/bad/0785;bad
C:/Users/Андрей/PycharmProjects/pythonProject8/dataset/bad\0786.txt;dataset/bad/0786;bad
C:/Users/Андрей/PycharmProjects/pythonProject8/dataset/bad\0787.txt;dataset/bad/0787;bad
C:/Users/Андрей/PycharmProjects/pythonProject8/dataset/bad\0788.txt;dataset/bad/0788;bad
C:/Users/Андрей/PycharmProjects/pythonProject8/dataset/bad\0789.txt;dataset/bad/0789;bad
C:/Users/Андрей/PycharmProjects/pythonProject8/dataset/bad\0790.txt;dataset/bad/0790;bad
C:/Users/Андрей/PycharmProjects/pythonProject8/dataset/bad\0791.txt;dataset/bad/0791;bad
C:/Users/Андрей/PycharmProjects/pythonProject8/dataset/bad\0792.txt;dataset/bad/0792;bad
C:/Users/Андрей/PycharmProjects/pythonProject8/dataset/bad\0793.txt;dataset/bad/0793;bad
C:/Users/Андрей/PycharmProjects/pythonProject8/dataset/bad\0794.txt;dataset/bad/0794;bad
C:/Users/Андрей/PycharmProjects/pythonProject8/dataset/bad\0795.txt;dataset/bad/0795;bad
C:/Users/Андрей/PycharmProjects/pythonProject8/dataset/bad\0796.txt;dataset/bad/0796;bad
C:/Users/Андрей/PycharmProjects/pythonProject8/dataset/bad\0797.txt;dataset/bad/0797;bad
C:/Users/Андрей/PycharmProjects/pythonProject8/dataset/bad\0798.txt;dataset/bad/0798;bad
C:/Users/Андрей/PycharmProjects/pythonProject8/dataset/bad\0799.txt;dataset/bad/0799;bad
C:/Users/Андрей/PycharmProjects/pythonProject8/dataset/bad\0800.txt;dataset/bad/0800;bad
C:/Users/Андрей/PycharmProjects/pythonProject8/dataset/bad\0801.txt;dataset/bad/0801;bad
C:/Users/Андрей/PycharmProjects/pythonProject8/dataset/bad\0802.txt;dataset/bad/0802;bad
C:/Users/Андрей/PycharmProjects/pythonProject8/dataset/bad\0803.txt;dataset/bad/0803;bad
C:/Users/Андрей/PycharmProjects/pythonProject8/dataset/bad\0804.txt;dataset/bad/0804;bad
C:/Users/Андрей/PycharmProjects/pythonProject8/dataset/bad\0805.txt;dataset/bad/0805;bad
C:/Users/Андрей/PycharmProjects/pythonProject8/dataset/bad\0806.txt;dataset/bad/0806;bad
C:/Users/Андрей/PycharmProjects/pythonProject8/dataset/bad\0807.txt;dataset/bad/0807;bad
C:/Users/Андрей/PycharmProjects/pythonProject8/dataset/bad\0808.txt;dataset/bad/0808;bad
